{
    "home": {
        "hero": {
            "mainTitle": "<green>Eco-Friendly<\/green> Cleaning Services in Arizona West Valley",
            "description": "Welcome to <green>Heart & Home Green Clean<\/green>, your trusted provider of eco-friendly house cleaning services in Arizona West Valley. We specialize in non-toxic, sustainable cleaning solutions that keep your home fresh, safe, and spotless. Whether you need routine cleaning, deep cleaning, or move-in\/move-out services, we're here to help.",
            "buttonText": "Get Your Free Estimate",
            "badges": [
                {
                    "title": "Safe",
                    "description": "Non-Toxic & Pet-Friendly Cleaning Solutions"
                },
                {
                    "title": "Trusted",
                    "description": "Eco-Friendly & Family-Owned"
                },
                {
                    "title": "Reliable",
                    "description": "Fully Insured & Bonded for Your Peace of Mind"
                }
            ]
        },
        "services": {
            "title": "Our Services",
            "subtitle": "Eco-Friendly Cleaning, Trusted by Your Neighbors",
            "whyChooseUs": {
                "title": "Why Choose Us?",
                "points": [
                    "100% Eco-Friendly & Non-Toxic Products",
                    "Safe for Kids & Pets",
                    "Trusted Local Cleaning Professionals",
                    "Flexible Scheduling & Competitive Pricing"
                ]
            },
            "serviceCards": [
                {
                    "title": "Routine Cleaning",
                    "description": "Keep your home fresh with our weekly, bi-weekly, or monthly cleaning plans."
                },
                {
                    "title": "Deep Cleaning",
                    "description": "A top-to-bottom clean, perfect for seasonal refreshes."
                },
                {
                    "title": "Move In\/Move Out",
                    "description": "Get your home ready for the next chapter."
                },
                {
                    "title": "Office Cleaning",
                    "description": "Maintain a healthy and spotless workspace."
                }
            ],
            "buttonText": "Get a Free Quote Today!"
        },
        "greenClean": {
            "title": "<green><strong>Green Clean<\/strong><\/green> for a Healthier Home",
            "description": "At Heart & Home Green Clean, we believe that a clean home shouldn't come at the expense of your health or the environment. Our eco-conscious cleaning services provide a deep clean using plant-based, non-toxic products, ensuring a safe and chemical-free space for your family."
        },
        "ecoFriendly": {
            "title": "ECO-FRIENDLY CLEANING WITH HEART.",
            "buttonText": "Get Your Free Estimate"
        },
        "steps": {
            "title": "3 Easy Steps To A <green>Cleaner, Healthier Home<\/green>",
            "items": [
                {
                    "title": "Get Your Free Estimate",
                    "description": "Simply fill out our easy estimate form or call us at <green>(480) 999-8018<\/green> to get your estimate and we will schedule your cleaning!"
                },
                {
                    "title": "Our Professionals Will Clean Your Home",
                    "description": "Our professional cleaners will arrive promptly to your home at the scheduled time to clean."
                },
                {
                    "title": "Relax, We've Got the Cleaning Covered",
                    "description": "Come back to a clean home and spend your time with those you love and doing what you love."
                }
            ]
        },
        "testimonials": [
            {
                "name": "Rebecca Moxie",
                "text": "Consistent, friendly, and always do a thorough job. We have worked with CP Complete Care Cleaning for 3 years & they always make our home clean & refreshed. Highly recommended."
            },
            {
                "name": "Todd Gartman",
                "text": "Jessica, Chelsea and their team ensures that our home is cleaned with care when they visit. We appreciate them and the service they have given us."
            },
            {
                "name": "Anita Regalado-Geddes",
                "text": "Jessica, Chelsea, and Mikey are amazing! My house has never been so clean. Thank you for a great job!"
            }
        ],
        "faq": {
            "title": "Frequently Asked Questions",
            "items": [
                {
                    "question": "What areas do you serve?",
                    "answer": "We proudly serve Arizona West Valley, including surrounding communities."
                },
                {
                    "question": "Are your cleaning products safe for children and pets?",
                    "answer": "Yes! We use 100% eco-friendly, non-toxic products that are safe for kids, pets, and allergy-sensitive households."
                },
                {
                    "question": "How do I book a cleaning?",
                    "answer": "You can schedule online, call\/text us at (480) 999-8018, or email us at info@heartandhomegreenclean.com."
                }
            ]
        },
        "estimateBanner": {
            "title": "Get Your Free Estimate Now",
            "buttonText": "Get Your Free Estimate"
        }
    },
    "about": {
        "header": {
            "title": "Where Clean Meets <green>Green<\/green>",
            "subtitle": "Our <pink>Commitment<\/pink> to You"
        },
        "intro": {
            "title": "Heart & Home <green>Green Clean<\/green> is here for you.",
            "paragraphs": [
                "To us, cleaning is more than just a service we provide physically. It is also a gift of time.",
                "Our goal is to enrich the lives of our clients and their families by providing residential and commercial cleaning and organizational services.",
                "We believe that your time is valuable and pride ourselves on helping maximize it for you."
            ]
        },
        "mission": {
            "title": "Our Mission",
            "content": "Our mission is to <green><strong>deliver exceptional green cleaning services<\/strong><\/green> that promote healthier homes and a cleaner planet. <strong>Our Core Purpose: To give people back their time and provide peace of mind.<\/strong>"
        },
        "purpose": {
            "title": "Our Core Purpose",
            "content": "<pink>To give people back their time and provide peace of mind.<\/pink>"
        },
        "values": {
            "title": "Our Core Values",
            "items": [
                {
                    "number": "01",
                    "color": "green",
                    "title": "Expertise, Focus, & Growth Mindset",
                    "description": "We are experts in our field, committed to continuous learning and improvement. We approach challenges with a problem-solving mindset, think critically, and always look for ways to grow and deliver the best solutions for our clients."
                },
                {
                    "number": "02",
                    "color": "pink",
                    "title": "Reliability & Work Ethic",
                    "description": "We take pride in our work, show up on time, follow through on commitments, and do what it takes to get the job done right."
                },
                {
                    "number": "03",
                    "color": "green",
                    "title": "Initiative & Problem-Solving",
                    "description": "We ask the right questions, think independently, and take proactive steps to solve problems. We don't wait for instructions\u2014we take ownership and find solutions."
                },
                {
                    "number": "04",
                    "color": "pink",
                    "title": "Fun & Professional",
                    "description": "We maintain a can-do attitude, ensuring we are easy to work with and adaptable to the needs of our clients and team. We approach every job with professionalism and without complaints."
                }
            ]
        }
    },
    "services": {
        "header": {
            "mainHeading": "From Homes to Businesses, We",
            "subHeading": "Clean with Care\u2014<green>Naturally!<\/green>"
        },
        "subheader": {
            "title": "Your All In One Destination For <green>Green Clean<\/green>"
        },
        "experienceSection": {
            "title": "Experience the <green>Difference<\/green>",
            "paragraphs": [
                "Our eco-friendly approach doesn't just clean your space\u2014It transforms it. We believe that a truly clean environment should feel fresh and natural, without harsh chemicals or artificial fragrances.",
                "Using environmentally conscious products and methods, we create spaces that are not only spotless but also healthier for you, your family, your employees, and our planet."
            ],
            "features": [
                "Eco-friendly Products",
                "Allergen Reduction",
                "Sustainable Practices"
            ]
        },
        "servicesSection": {
            "title": "Our <green>Services<\/green>",
            "items": [
                {
                    "id": "routine",
                    "title": "Routine Cleaning",
                    "icon": "spray",
                    "description": "We'll fight the mess for you. Our routine weekly, biweekly or monthly cleanings will keep your home tidy.",
                    "details": {
                        "sections": [
                            {
                                "title": "All rooms include:",
                                "items": [
                                    "Light dusting - furniture, fixtures, and appliances",
                                    "Light tidy - bed, side tables, dresser",
                                    "Wipe down and polish - furniture, fixtures, appliances",
                                    "Vacuum\/mop - vacuum and\/or mop all areas",
                                    "Garbage removal - bag replaced"
                                ]
                            },
                            {
                                "title": "Bathrooms:",
                                "items": [
                                    "ALL THINGS LISTED ABOVE +",
                                    "Clean\/disinfect - shower, tub, and toilets",
                                    "Wipe down - counters, mirrors, and sink"
                                ]
                            },
                            {
                                "title": "Kitchen:",
                                "items": [
                                    "ALL THINGS LISTED ABOVE +",
                                    "Wipe down - stove top, oven door, sink, refrigerator door, dishwasher door, cabinets (as needed), microwave (inside and out)"
                                ]
                            },
                            {
                                "title": "Rotating\/As needed:",
                                "items": [
                                    "Dusting\/wiping vents, fans, baseboards, and inside of oven"
                                ]
                            },
                            {
                                "title": "Add-ons (additional fee):",
                                "items": [
                                    "Dishes",
                                    "Extra tidying",
                                    "Laundry"
                                ]
                            }
                        ]
                    }
                },
                {
                    "id": "office",
                    "title": "Office Cleaning",
                    "icon": "computer",
                    "description": "Maintain a healthy and spotless workspace.",
                    "details": {
                        "sections": [
                            {
                                "title": "Office Cleaning Services:",
                                "items": [
                                    "Dusting & Surface Cleaning \u2013 Wipe down desks, tables, shelves, and other surfaces",
                                    "Trash & Recycling Removal \u2013 Empty all wastebaskets and recycling bins",
                                    "Vacuuming & Floor Care \u2013 Vacuum carpets, rugs, and hard floors; mop as needed",
                                    "Restroom Sanitization \u2013 Clean and disinfect sinks, toilets, mirrors, and countertops",
                                    "Kitchen\/Break Room Cleaning \u2013 Sanitize countertops, sinks, and appliances",
                                    "Glass & Mirror Cleaning \u2013 Spot-clean windows, glass partitions, and mirrors",
                                    "High-Touch Surface Disinfection \u2013 Disinfect doorknobs, light switches, and shared equipment",
                                    "Reception & Common Area Cleaning \u2013 Ensure lobbies and meeting areas are welcoming"
                                ]
                            }
                        ]
                    }
                },
                {
                    "id": "deep",
                    "title": "Deep Cleaning",
                    "icon": "home",
                    "description": "More than a routine cleaning, deep cleans leave dirt and grime nowhere to hide.",
                    "details": {
                        "sections": [
                            {
                                "title": "All rooms:",
                                "items": [
                                    "Heavy dusting - furniture, fixtures, appliances, ceiling fans, vents, window sills, and blinds",
                                    "Wipe down - baseboards, walls (touch-up), doors, door handles, furniture, fixtures, appliances, and window sills",
                                    "Vacuum\/mop - vacuum and\/or mop all areas"
                                ]
                            },
                            {
                                "title": "Bathrooms:",
                                "items": [
                                    "ALL THINGS LISTED ABOVE +",
                                    "Clean\/disinfect - shower, tub, and toilets",
                                    "Wipe down - counters, mirrors, cabinet doors (inside and out), and sink"
                                ]
                            },
                            {
                                "title": "Kitchen:",
                                "items": [
                                    "ALL THINGS LISTED ABOVE +",
                                    "Wipe down - oven and microwave (inside and out), stove top, cabinet doors (inside and out), sinks, outside of refrigerator, outside of dishwasher"
                                ]
                            }
                        ]
                    }
                },
                {
                    "id": "moveinout",
                    "title": "Move In\/Move Out",
                    "icon": "box",
                    "description": "Your move is already stressful. We'll clean where you're leaving, where you're going, or both so you can enjoy your new home sooner.",
                    "details": {
                        "sections": [
                            {
                                "title": "All rooms:",
                                "items": [
                                    "Heavy dusting - furniture, fixtures, appliances, ceiling fans, vents, window sills, and blinds",
                                    "Wipe down - baseboards, walls (touch-up), doors, door handles, furniture, fixtures, appliances, and window sills",
                                    "Vacuum\/mop - vacuum and\/or mop all areas"
                                ]
                            },
                            {
                                "title": "Bathrooms:",
                                "items": [
                                    "ALL THINGS LISTED ABOVE +",
                                    "Clean\/disinfect - shower, tub, and toilets",
                                    "Wipe down - counters, mirrors, cabinet doors (inside and out), and sink"
                                ]
                            },
                            {
                                "title": "Kitchen:",
                                "items": [
                                    "ALL THINGS LISTED ABOVE +",
                                    "Appliances - clean out refrigerator, oven, and microwave",
                                    "Wipe down - counters, sink, cabinets, drawers, outside of appliances, behind and under appliances"
                                ]
                            }
                        ]
                    }
                }
            ]
        }
    },
    "contact": {
        "header": {
            "mainTitle": "Let's Make Your Space <green>Shine!<\/green>",
            "subTitle": "Get a <pink>Free<\/pink> Quote Today!",
            "description": "Have questions? Need a custom cleaning plan? We're here to help!"
        },
        "contactInfo": {
            "title": "Get Your Free Estimate!",
            "phone": "(480) 999-8018",
            "email": "info@heartandhomegreenclean.com"
        },
        "locationSection": {
            "title": "Our Location"
        }
    },
    "footer": {
        "general": {
            "description": "We are the premier cleaning <br\/> service in the West Valley, <br\/>Arizona area."
        },
        "contact": {
            "contactTitle": "Contact Us",
            "phoneText": "Call Us: (480) 999-8018",
            "facebookText": "Like Us on",
            "emailLabel": "Email Us:",
            "email": "info@heartandhomegreenclean.com"
        },
        "navigation": {
            "navigationTitle": "Navigation"
        }
    },
    "blog": {
        "header": {
            "title": [
                {
                    "type": "green",
                    "text": "Expert"
                },
                " ",
                {
                    "type": "pink",
                    "text": "Cleaning"
                },
                " Tips & ",
                {
                    "type": "green",
                    "text": "Insights"
                }
            ],
            "subtitle": "Professional advice, trends, and expert knowledge to keep your space pristine and healthy"
        },
        "posts": [
            {
                "id": 1,
                "title": "Top 10 Cleaning tips",
                "excerpt": "Discover the best natural cleaning products that are safe for your family and pets while being kind to the environment.",
                "category": "Cleaning Tips",
                "date": "April 12, 2025",
                "readTime": "5 min read",
                "content": "<p>Keeping your home clean is essential for maintaining a healthy living environment, but traditional cleaning products often contain harsh chemicals that can be harmful to both your health and the environment. Fortunately, there are many natural alternatives that are just as effective without the negative side effects.<\/p><h2>Why Choose Natural Cleaning Products?<\/h2>\n<p>Before diving into our list of recommended products, it's important to understand why natural cleaning solutions are worth considering:<\/p><ul><li><strong>Better for Your Health:<\/strong> Conventional cleaning products can release volatile organic compounds (VOCs) that may cause respiratory issues, skin irritation, and other health problems. Natural alternatives typically contain gentle ingredients that are safer for your body.<\/li><li><strong>Safe for Pets:<\/strong> If you have furry friends at home, natural cleaning products reduce the risk of exposing them to toxic chemicals that could be harmful if ingested or inhaled.<\/li><li><strong>Environmental Impact:<\/strong> Traditional cleaning products can contaminate waterways and harm aquatic life. Natural options are biodegradable and have a minimal environmental footprint.<\/li><li><strong>Effective Cleaning:<\/strong> Many people assume that natural cleaning products aren't as effective as their chemical-laden counterparts. However, modern natural formulations can be just as powerful at removing dirt, grime, and bacteria.<\/li><\/ul><h2>Our Top 10 Natural Cleaning Solutions<\/h2><h3>1. White Vinegar<\/h3><p>This pantry staple is one of the most versatile natural cleaning agents. Its acidity makes it effective at cutting through grease, removing soap scum, and disinfecting surfaces. For a pleasant scent, infuse white vinegar with citrus peels or essential oils.<\/p><h3>2. Baking Soda<\/h3><p>Baking soda works as a gentle abrasive for scrubbing surfaces and neutralizing odors. It's perfect for cleaning sinks, tubs, and ovens without scratching or damaging the surface.<\/p><h3>3. Castile Soap<\/h3><p>Made from vegetable oils, castile soap is biodegradable and free from synthetic ingredients. It can be diluted and used for everything from washing dishes to mopping floors and laundering clothes.<\/p><h3>4. Lemon Juice<\/h3><p>The natural acidity of lemon juice makes it excellent for removing stains, cutting through grease, and leaving a fresh scent. It's particularly effective for cleaning cutting boards and brightening white fabrics.<\/p><h3>5. Hydrogen Peroxide<\/h3><p>A safer alternative to chlorine bleach, hydrogen peroxide is a powerful disinfectant that breaks down into water and oxygen, making it environmentally friendly.<\/p><h3>6. Essential Oils<\/h3><p>Beyond adding pleasant scents to your cleaning solutions, many essential oils have antibacterial and antifungal properties. Tea tree, lavender, and eucalyptus oils are especially effective for disinfecting surfaces.<\/p><h3>7. Salt<\/h3><p>Coarse salt works as an excellent abrasive for removing tough stains and food residue. It's perfect for scrubbing cast iron pans and cleaning coffee pots.<\/p><h3>8. Olive Oil<\/h3><p>A small amount of olive oil can be used to polish wood furniture and stainless steel appliances, leaving them with a beautiful shine without the toxic chemicals found in commercial polishes.<\/p><h3>9. Cornstarch<\/h3><p>This versatile powder can be used to clean windows, polish silver, freshen carpets, and even remove grease stains from clothing and upholstery.<\/p><h3>10. Borax<\/h3><p>While you should handle it with care, borax is a natural mineral that excels at removing stains, neutralizing odors, and even killing mold. It's a powerful addition to your natural cleaning arsenal.<\/p><h2>Getting Started with Natural Cleaning<\/h2><p>Transitioning to natural cleaning products doesn't have to happen all at once. Start by replacing one conventional product at a time, and soon you'll have a fully natural cleaning routine that's safer for your family, pets, and the environment.<\/p>"
            },
            {
                "id": 2,
                "title": "How to Prepare Your Home for a Professional Cleaning Service",
                "excerpt": "Learn how to get the most out of your professional cleaning service with these simple preparation tips.",
                "category": "Tips & Tricks",
                "date": "April 5, 2025",
                "readTime": "4 min read",
                "content": "<p>When you hire a professional cleaning service, a little preparation can go a long way toward ensuring you get the most value from your investment. Professional cleaners are skilled at what they do, but they can work more efficiently and effectively when your home is properly prepared for their arrival.<\/p><h2>Benefits of Preparing for Your Cleaning Service<\/h2><p>Taking a few minutes to prepare your home before the cleaning team arrives can help them focus on deep cleaning rather than organizing or clearing obstacles. Here's why preparation matters:<\/p><ul><li><strong>More Thorough Cleaning:<\/strong> When cleaners don't have to work around clutter, they can access more surfaces and clean more thoroughly.<\/li><li><strong>Time Efficiency:<\/strong> Your cleaning team can devote their limited time to actual cleaning rather than sorting through items or moving things around.<\/li><li><strong>Better Results:<\/strong> Preparation helps ensure that the areas you care about most receive proper attention.<\/li><li><strong>Value for Money:<\/strong> By allowing cleaners to work efficiently, you'll get the most out of your cleaning service investment.<\/li><\/ul><h2>Pre-Cleaning Checklist<\/h2><h3>1. Clear Clutter from Surfaces<\/h3><p>Remove items from countertops, tables, and other surfaces that will be cleaned. This includes mail, magazines, toys, and decorative items that might impede cleaning access.<\/p><h3>2. Pick Up Clothing and Linens<\/h3><p>Gather dirty clothes and put them in hampers. Remove clean clothing from floors and furniture. Consider stripping beds if you've requested linen changes.<\/p><h3>3. Secure Valuables<\/h3><p>While professional cleaning teams are trustworthy, it's always wise to store valuable items, jewelry, or important documents in a secure location before cleaners arrive.<\/p><h3>4. Inform About Special Instructions<\/h3><p>If you have special requirements or areas that need extra attention, make a list or communicate these directly to the cleaning team supervisor.<\/p><h3>5. Handle Quick Kitchen Preparations<\/h3><p>Empty the sink of dirty dishes, run the dishwasher, and clear the counters so that cleaners can focus on deep cleaning rather than basic tidying.<\/p><h3>6. Clear Floor Space<\/h3><p>Move obstacles from floors that need to be vacuumed or mopped. Pick up toys, shoes, and other items that might be in the way.<\/p><h3>7. Consider Your Pets<\/h3><p>Make arrangements for pets who might be anxious around strangers or could get in the way of cleaning. This could mean securing them in a designated room or arranging for them to be elsewhere during the cleaning.<\/p><h3>8. Point Out Problem Areas<\/h3><p>If there are specific stains or areas that need special attention, make sure to point these out to the cleaning team when they arrive.<\/p><h2>Communication Is Key<\/h2><p>Clear communication with your cleaning service about your expectations and priorities helps ensure satisfactory results. Don't hesitate to discuss any special requirements or concerns before the cleaning begins.<\/p><h2>After the Cleaning<\/h2><p>When your cleaning team has finished, take a few minutes to walk through your home and check that everything meets your expectations. Providing immediate feedback helps your cleaning service adjust their approach for future visits if needed.<\/p><p>By following these simple preparation steps, you'll maximize the effectiveness of your professional cleaning service and enjoy a beautifully clean home with minimal effort on your part.<\/p>"
            },
            {
                "id": 3,
                "title": "The Benefits of Regular House Cleaning for Your Health",
                "excerpt": "Regular cleaning does more than just make your home look good - it can significantly impact your physical and mental wellbeing.",
                "category": "Health",
                "date": "March 28, 2025",
                "readTime": "6 min read",
                "content": "<p>Regular house cleaning does more than just make your home look good - it can have significant impacts on your physical and mental wellbeing. In today's busy world, cleaning might seem like just another chore on your to-do list, but understanding its health benefits might motivate you to prioritize it.<\/p><h2>Physical Health Benefits<\/h2><p>A clean home environment can directly contribute to better physical health in several ways:<\/p><h3>Reduced Allergens and Asthma Triggers<\/h3><p>Regular dusting, vacuuming, and washing of linens reduces dust mites, pet dander, pollen, and other allergens that can trigger allergic reactions and asthma attacks. Using a vacuum with a HEPA filter is particularly effective at capturing these microscopic particles.<\/p><h3>Decreased Risk of Infections<\/h3><p>Routine cleaning of high-touch surfaces like doorknobs, light switches, and countertops removes germs that can cause illness. This is especially important during cold and flu season or when someone in your household has been sick.<\/p><h3>Fewer Respiratory Issues<\/h3><p>Dust, mold, and mildew can all contribute to respiratory problems. Regular cleaning prevents these contaminants from building up and affecting your breathing.<\/p><h3>Prevention of Pest Infestations<\/h3><p>Cleanliness discourages pests like rodents and insects that can carry diseases. Regular cleaning, especially in food preparation and storage areas, eliminates the crumbs and spills that attract these unwanted visitors.<\/p><h3>Reduction in Chemical Exposure<\/h3><p>While this might seem counterintuitive, regular cleaning with natural products can actually reduce your exposure to harmful chemicals by removing dust and residues that may contain toxins from outdoor pollution, building materials, or consumer products.<\/p><h2>Mental Health Benefits<\/h2><h3>Stress Reduction<\/h3><p>A cluttered, dirty environment can increase stress levels by constantly reminding us of tasks that need to be completed. In contrast, a clean, orderly space promotes relaxation and a sense of calm.<\/p><h3>Improved Focus and Productivity<\/h3><p>Research has shown that clutter competes for our attention, reducing our ability to focus and process information. A clean environment helps improve concentration and productivity, whether you're working, studying, or simply trying to relax.<\/p><h3>Better Sleep Quality<\/h3><p>A clean bedroom with fresh sheets can significantly improve sleep quality. Dust-free surfaces and clean air contribute to better breathing during sleep, while the psychological comfort of a tidy room helps promote relaxation.<\/p><h3>Enhanced Mood<\/h3><p>The act of cleaning itself can be therapeutic, providing a sense of accomplishment and control. Additionally, a clean, pleasant environment naturally elevates mood and creates a more positive outlook.<\/p><h3>Reduced Anxiety<\/h3><p>For many people, external disorder contributes to internal feelings of anxiety. Regular cleaning and organizing can help manage these feelings by creating a sense of order and predictability in your environment.<\/p><h2>Physical Activity Benefits<\/h2><p>Cleaning is also a form of physical activity that can contribute to your overall health. Activities like vacuuming, mopping, and scrubbing burn calories, increase heart rate, and engage various muscle groups. While not a replacement for dedicated exercise, the physical activity involved in regular cleaning contributes to your daily movement goals.<\/p><h2>Building Healthy Habits<\/h2><p>Establishing a regular cleaning routine helps build discipline and healthy habits that can extend to other areas of your life. The satisfaction of maintaining a clean home often motivates people to make other positive changes in their lifestyle.<\/p><h2>Getting Started<\/h2><p>If you're feeling overwhelmed by the prospect of cleaning your entire home, start small. Focus on one area at a time and establish consistent habits. Even 15-20 minutes of daily cleaning can make a significant difference over time.<\/p><p>Whether you do it yourself or hire professional help, regular cleaning is an investment in your health and wellbeing that pays dividends in both the short and long term.<\/p>"
            },
            {
                "id": 4,
                "title": "Seasonal Cleaning Guide: Spring Edition",
                "excerpt": "Get your home refreshed and rejuvenated with our comprehensive spring cleaning guide.",
                "category": "Seasonal",
                "date": "March 21, 2025",
                "readTime": "7 min read",
                "content": "<p>As winter fades and the first signs of spring emerge, it's the perfect time to refresh your home with a thorough spring cleaning. This age-old tradition isn't just about maintaining your home; it's an opportunity to welcome the new season with a renewed sense of order and cleanliness.<\/p><h2>Why Spring Cleaning Matters<\/h2><p>Spring cleaning has deeper benefits beyond just a tidy home:<\/p><ul><li><strong>Fresh Start:<\/strong> After a winter spent mostly indoors with windows closed, spring cleaning helps remove accumulated dust, allergens, and staleness from your home.<\/li><li><strong>Maintenance Check:<\/strong> This annual deep clean gives you a chance to inspect your home for any issues that may have developed during winter.<\/li><li><strong>Mental Reset:<\/strong> The process of cleaning and organizing provides a sense of accomplishment and a fresh outlook that aligns with the season of renewal.<\/li><li><strong>Energy Efficiency:<\/strong> Clean appliances, HVAC systems, and windows operate more efficiently, potentially reducing energy costs.<\/li><\/ul><h2>Room-by-Room Spring Cleaning Guide<\/h2><h3>Kitchen<\/h3><ul><li>Deep clean refrigerator and freezer; discard expired items<\/li><li>Clean oven, stovetop, and range hood<\/li><li>Descale coffee makers and kettles<\/li><li>Clean microwave inside and out<\/li><li>Wipe down cabinet exteriors and clean interiors<\/li><li>Disinfect garbage disposal and trash cans<\/li><li>Clean and organize pantry; check expiration dates<\/li><li>Wash dishwasher filter and run cleaning cycle<\/li><\/ul><h3>Bathrooms<\/h3><ul><li>Scrub grout between tiles<\/li><li>Deep clean toilet, including behind and around the base<\/li><li>Clean shower doors or curtains<\/li><li>Descale showerheads and faucets<\/li><li>Clean exhaust fans<\/li><li>Wash bath mats and shower curtains<\/li><li>Sanitize toothbrush holders and soap dishes<\/li><li>Check and discard expired medications and cosmetics<\/li><\/ul><h3>Bedrooms<\/h3><ul><li>Rotate and flip mattresses<\/li><li>Wash all bedding, including mattress pads, pillows, and duvets<\/li><li>Vacuum under beds and furniture<\/li><li>Clean out closets; donate unused clothing<\/li><li>Dust ceiling fans and light fixtures<\/li><li>Clean window treatments<\/li><li>Wipe down baseboards and door frames<\/li><\/ul><h3>Living Areas<\/h3><ul><li>Vacuum upholstered furniture, including under cushions<\/li><li>Clean carpets and rugs<\/li><li>Dust bookshelves and decorative items<\/li><li>Clean electronics and remote controls<\/li><li>Wash blankets and throw pillow covers<\/li><li>Clean light fixtures and lamp shades<\/li><li>Dust blinds and wash curtains<\/li><li>Clean windows and window sills<\/li><\/ul><h3>Home Office<\/h3><ul><li>Organize and file paperwork<\/li><li>Clean and sanitize keyboards, mice, and phones<\/li><li>Dust computer screens and electronics<\/li><li>Shred unnecessary documents<\/li><li>Clean desk chairs and surfaces<\/li><li>Organize cables and cords<\/li><\/ul><h3>Throughout the Home<\/h3><ul><li>Dust ceiling corners and remove cobwebs<\/li><li>Clean air vents and replace HVAC filters<\/li><li>Wash walls and baseboards<\/li><li>Clean light switches and door handles<\/li><li>Test smoke and carbon monoxide detectors; replace batteries<\/li><li>Clean doormats<\/li><\/ul><h3>Outdoor Spaces<\/h3><ul><li>Clean patio furniture<\/li><li>Sweep decks, porches, and walkways<\/li><li>Wash exterior windows<\/li><li>Clean out gutters<\/li><li>Pressure wash siding if needed<\/li><li>Prepare garden beds for planting<\/li><\/ul><h2>Spring Cleaning Strategy<\/h2><p>To make your spring cleaning manageable:<\/p><ol><li><strong>Create a Schedule:<\/strong> Break the work into manageable sections over several days or weekends rather than trying to tackle everything at once.<\/li><li><strong>Top-to-Bottom Approach:<\/strong> In each room, start cleaning from the ceiling down to avoid having to reclean areas.<\/li><li><strong>Declutter First:<\/strong> Always remove clutter before beginning the cleaning process. Consider the \"keep, donate, discard\" method for each item.<\/li><li><strong>Gather Supplies:<\/strong> Have all your cleaning supplies ready before you start to avoid interruptions.<\/li><li><strong>Involve the Family:<\/strong> Assign age-appropriate tasks to family members to make the job easier and faster.<\/li><\/ol><h2>Eco-Friendly Spring Cleaning<\/h2><p>Consider using environmentally friendly cleaning products that are safer for your family, pets, and the planet. Vinegar, baking soda, lemon juice, and castile soap can handle most cleaning tasks effectively without harsh chemicals.<\/p><h2>Maintaining Your Clean Home<\/h2><p>After putting in the effort for a thorough spring cleaning, establish routines to maintain your home's cleanliness:<\/p><ul><li>Create a regular cleaning schedule<\/li><li>Implement a \"clean as you go\" policy in the kitchen and bathroom<\/li><li>Set up organizational systems that make it easy to keep things in order<\/li><li>Consider monthly mini deep cleans rather than waiting for the next spring<\/li><\/ul><p>With this comprehensive guide, your spring cleaning will be more efficient and effective, leaving your home refreshed and ready for the warmer months ahead.<\/p>"
            },
            {
                "id": 5,
                "title": "How to Clean Hard-to-Reach Areas in Your Home",
                "excerpt": "Tackle those challenging cleaning spots with our expert techniques and tool recommendations.",
                "category": "Tips & Tricks",
                "date": "March 14, 2025",
                "readTime": "5 min read",
                "content": "<p>Every home has those challenging spots where dust and dirt seem to accumulate unnoticed \u2013 behind appliances, high ceiling corners, narrow gaps between furniture, and other awkward areas. These hard-to-reach places are often overlooked during regular cleaning routines but addressing them is essential for maintaining a truly clean home.<\/p><h2>Why Cleaning Hard-to-Reach Areas Matters<\/h2><p>While it might be tempting to ignore these difficult spots, there are good reasons to include them in your cleaning routine:<\/p><ul><li><strong>Air Quality:<\/strong> Dust in hidden areas eventually circulates into your living space, affecting the air you breathe.<\/li><li><strong>Allergy Prevention:<\/strong> Hard-to-reach areas can harbor allergens that trigger reactions in sensitive individuals.<\/li><li><strong>Pest Prevention:<\/strong> Neglected areas can become hiding spots for insects and other pests.<\/li><li><strong>Home Maintenance:<\/strong> Regular cleaning of overlooked areas helps identify potential issues like water damage or mold growth before they become serious problems.<\/li><\/ul><h2>Essential Tools for Reaching Difficult Areas<\/h2><p>Having the right tools makes cleaning challenging spots much easier:<\/p><h3>1. Extendable Dusters<\/h3><p>These adjustable tools can extend up to several feet, allowing you to reach high ceilings, ceiling fans, crown molding, and tops of cabinets. Look for versions with microfiber heads that attract and hold dust rather than just spreading it around.<\/p><h3>2. Vacuum Attachments<\/h3><p>Most vacuums come with various attachments that are perfect for hard-to-reach areas:<\/p><ul><li>Crevice tools for narrow spaces<\/li><li>Extension wands for reaching high areas<\/li><li>Flexible hose attachments for awkward angles<\/li><li>Brush attachments for delicate surfaces<\/li><\/ul><h3>3. Microfiber Cleaning Cloths<\/h3><p>Attach these to a ruler or yardstick with rubber bands for improvised cleaning tools that can slide under appliances or into narrow gaps.<\/p><h3>4. Bendable Cleaning Tools<\/h3><p>Products specifically designed to bend and flex around obstacles make it easier to clean radiators, behind toilets, and under heavy furniture.<\/p><h3>5. Step Stools and Ladders<\/h3><p>A sturdy step stool or ladder is essential for safely reaching high areas. Always ensure proper positioning and stability before climbing.<\/p><h3>6. Compressed Air<\/h3><p>Canned air can blast dust from electronics, tight corners, and intricate decorative items where cloths can't reach.<\/p><h3>7. Drain Snakes and Brushes<\/h3><p>Specialized tools for cleaning deep into drains and pipes where buildup can cause odors and clogs.<\/p><h2>Tackling Specific Hard-to-Reach Areas<\/h2><h3>Behind and Under Heavy Appliances<\/h3><p>Refrigerators, washing machines, and dryers collect significant dust that can affect their efficiency.<\/p><ul><li>If possible, carefully pull appliances out from walls for thorough cleaning (disconnect power first when appropriate)<\/li><li>Use vacuum attachments to reach underneath without moving<\/li><li>Long, flexible dusters can help reach behind appliances that can't be moved<\/li><li>Clean refrigerator coils regularly to maintain efficiency<\/li><\/ul><h3>High Ceilings and Crown Molding<\/h3><p>These areas accumulate cobwebs and dust that can be visible in certain lighting.<\/p><ul><li>Use extendable dusters with microfiber heads<\/li><li>For textured ceilings, try a vacuum with extension wand<\/li><li>For stubborn cobwebs, wrap a slightly damp cloth around a broom<\/li><\/ul><h3>Between and Behind Furniture<\/h3><p>Narrow gaps between furniture and walls harbor dust and lost items.<\/p><ul><li>Vacuum attachments designed for crevices work well<\/li><li>Microfiber cloth attached to a yardstick can slide into narrow spaces<\/li><li>Consider furniture sliders to make moving heavy pieces easier<\/li><\/ul><h3>Window Tracks and Blinds<\/h3><p>These collect significant dirt but are awkward to clean.<\/p><ul><li>Use an old toothbrush or small cleaning brush for window tracks<\/li><li>For blinds, try specialized blind cleaners or vacuum attachments<\/li><li>Microfiber blind cleaning tools can clean multiple slats at once<\/li><\/ul><h3>Light Fixtures and Ceiling Fans<\/h3><p>These gather dust that falls when disturbed, creating mess below.<\/p><ul><li>Use an extendable duster with a soft head<\/li><li>For thorough cleaning, carefully remove glass covers if possible<\/li><li>Pillowcase method: slip a pillowcase over each ceiling fan blade, then pull it back to capture dust<\/li><\/ul><h3>Behind Toilets and Under Bathroom Vanities<\/h3><p>These tight spaces in bathrooms can harbor moisture and germs.<\/p><ul><li>Use toilet brushes with extendable handles<\/li><li>Bendable cleaning wands can reach around plumbing fixtures<\/li><li>Disinfecting wipes on a tool handle can clean and sanitize in one step<\/li><\/ul><h2>Creating a Schedule for Hard-to-Reach Cleaning<\/h2><p>Not all difficult areas need cleaning with the same frequency:<\/p><h3>Monthly<\/h3><ul><li>Ceiling corners and cobwebs<\/li><li>Window tracks<\/li><li>Behind easily movable furniture<\/li><\/ul><h3>Quarterly<\/h3><ul><li>Ceiling fans<\/li><li>Light fixtures<\/li><li>Behind televisions and electronics<\/li><li>Behind toilets and under bathroom fixtures<\/li><\/ul><h3>Bi-annually<\/h3><ul><li>Behind\/under major appliances<\/li><li>HVAC vents and returns<\/li><li>Under heavy furniture<\/li><li>Inside\/behind radiators<\/li><\/ul><h2>Safety Considerations<\/h2><p>Always prioritize safety when cleaning hard-to-reach areas:<\/p><ul><li>Use proper ladder safety when working at heights<\/li><li>Disconnect appliances before cleaning behind them<\/li><li>Avoid overreaching or stretching in awkward positions<\/li><li>Consider professional help for extremely difficult or dangerous areas<\/li><\/ul><h2>Professional Solutions<\/h2><p>For some particularly challenging cleaning tasks, professional services might be the most efficient solution:<\/p><ul><li>Air duct cleaning<\/li><li>Deep cleaning behind built-in appliances<\/li><li>High ceiling cleaning in homes with cathedral or vaulted ceilings<\/li><li>Chimney cleaning<\/li><\/ul><p>By incorporating these tools and techniques into your cleaning routine, you'll address those commonly overlooked areas that can significantly impact your home's cleanliness and your family's health. Remember that regular attention to these spaces makes each subsequent cleaning easier and more effective.<\/p>"
            },
            {
                "id": 6,
                "title": "Why Choose Pet-Friendly Cleaning Products",
                "excerpt": "Keep your furry friends safe with our guide to pet-friendly cleaning solutions and practices.",
                "category": "Pet Care",
                "date": "March 7, 2025",
                "readTime": "4 min read",
                "content": "<p>For the millions of households with pets, maintaining a clean home while ensuring the safety of furry family members requires special consideration. Many conventional cleaning products contain chemicals that can be harmful to pets, who are especially vulnerable due to their smaller size, different metabolism, and behaviors like licking surfaces or walking barefoot on recently cleaned floors.<\/p><h2>The Risks of Conventional Cleaning Products<\/h2><p>Standard cleaning products can pose several risks to pets:<\/p><h3>Direct Contact Hazards<\/h3><p>Pets may come into direct contact with cleaning chemicals through:<\/p><ul><li>Walking on freshly cleaned floors and then licking their paws<\/li><li>Lying on recently cleaned surfaces<\/li><li>Drinking from toilets that have been cleaned with chemical products<\/li><li>Licking surfaces that have been sprayed with cleaners<\/li><\/ul><h3>Respiratory Concerns<\/h3><p>Many cleaning products release volatile organic compounds (VOCs) that can cause respiratory irritation. Pets, particularly birds and animals with respiratory conditions, are highly sensitive to these airborne chemicals.<\/p><h3>Specific Ingredients to Avoid<\/h3><ul><li><strong>Ammonia:<\/strong> Found in many glass and bathroom cleaners, ammonia can cause respiratory irritation and burn mucous membranes.<\/li><li><strong>Chlorine Bleach:<\/strong> Can release fumes that irritate respiratory systems and may cause chemical burns if pets come into contact with recently bleached surfaces.<\/li><li><strong>Phenols:<\/strong> Found in many disinfectants, these compounds are particularly toxic to cats, whose livers cannot effectively process these chemicals.<\/li><li><strong>Quaternary Ammonium Compounds:<\/strong> \"Quats\" found in fabric softeners and disinfectants can cause respiratory issues and skin irritation.<\/li><li><strong>Phthalates:<\/strong> Present in many fragranced products, these can disrupt hormonal balance and may cause organ damage with long-term exposure.<\/li><li><strong>Formaldehyde:<\/strong> Used as a preservative in some cleaning products, it's a known carcinogen that can also cause respiratory irritation.<\/li><\/ul><h2>Benefits of Pet-Friendly Cleaning Products<\/h2><p>Switching to pet-safe cleaning alternatives offers multiple advantages:<\/p><h3>Health and Safety<\/h3><p>The most obvious benefit is protecting your pet's health. Pet-friendly products reduce the risk of skin irritation, chemical burns, respiratory issues, and potential poisoning.<\/p><h3>Environmental Impact<\/h3><p>Most pet-safe cleaning products are also environmentally friendly, breaking down more readily and containing fewer harmful pollutants that can affect wildlife and ecosystems.<\/p><h3>Human Health<\/h3><p>What's safer for pets is typically safer for humans too, especially children. Pet-friendly products generally contain fewer harsh chemicals that can cause skin irritation or respiratory problems in people.<\/p><h3>Cleaning Efficacy<\/h3><p>Modern pet-friendly cleaning products are formulated to be effective at removing dirt, bacteria, and odors without compromising on safety. Many work just as well as their conventional counterparts.<\/p><h2>Pet-Safe Cleaning Alternatives<\/h2><h3>Natural Commercial Products<\/h3><p>Many brands now offer specially formulated pet-safe cleaning products:<\/p><ul><li>Look for products labeled as pet-safe or non-toxic<\/li><li>Check for certifications from organizations like the EPA's Safer Choice program<\/li><li>Avoid products with artificial fragrances, which often contain undisclosed chemicals<\/li><li>Research brands that specialize in eco-friendly and pet-safe formulations<\/li><\/ul><h3>DIY Cleaning Solutions<\/h3><p>Creating your own cleaning products allows complete control over ingredients:<\/p><ul><li><strong>All-Purpose Cleaner:<\/strong> Mix equal parts water and white vinegar with a few drops of pet-safe essential oil (avoid tea tree oil, which can be toxic to cats)<\/li><li><strong>Floor Cleaner:<\/strong> One cup of vinegar per gallon of warm water works for most floor surfaces<\/li><li><strong>Window Cleaner:<\/strong> Mix one part vinegar with four parts water in a spray bottle<\/li><li><strong>Scrubbing Paste:<\/strong> Create a paste with baking soda and water for tough stains<\/li><li><strong>Deodorizer:<\/strong> Sprinkle baking soda on carpets, let sit, then vacuum<\/li><\/ul><h3>Steam Cleaning<\/h3><p>Steam cleaners use hot water vapor to clean and disinfect without chemicals, making them an excellent option for homes with pets. The high temperature kills bacteria, dust mites, and many other allergens without leaving chemical residues.<\/p><h2>Special Cleaning Considerations for Pet Owners<\/h2><h3>Pet Stain and Odor Removal<\/h3><p>For pet accidents:<\/p><ol><li>Blot up as much of the mess as possible<\/li><li>Apply a pet-safe enzymatic cleaner that breaks down proteins in the stain<\/li><li>Allow the cleaner to work according to package directions<\/li><li>Blot again and allow to dry completely<\/li><\/ol><p>Enzymatic cleaners are particularly effective because they actually break down the organic compounds in pet messes rather than just masking odors.<\/p><h3>Pet Hair Management<\/h3><p>To handle pet hair effectively:<\/p><ul><li>Use rubber brooms or special pet hair brushes on carpets before vacuuming<\/li><li>Choose a vacuum cleaner designed for pet hair with HEPA filtration<\/li><li>Use slightly dampened rubber gloves to wipe pet hair from furniture<\/li><li>Consider washable furniture covers for favorite pet resting spots<\/li><li>Regular grooming reduces shedding at the source<\/li><\/ul><h3>Litter Box Areas<\/h3><p>For cat owners, keeping the litter box area clean is essential:<\/p><ul><li>Use unscented baking soda under litter to absorb odors<\/li><li>Clean the actual box regularly with mild, fragrance-free soap<\/li><li>Avoid using bleach, which can react with ammonia in urine<\/li><li>Place a mat under and around the litter box to catch scattered litter<\/li><\/ul><h2>Creating a Pet-Safe Cleaning Routine<\/h2><p>To maintain a clean home while keeping pets safe:<\/p><ul><li>Store all cleaning products securely, even pet-safe ones<\/li><li>Keep pets away from freshly cleaned areas until completely dry<\/li><li>Ensure good ventilation while cleaning<\/li><li>Clean up spills promptly to discourage pets from investigating<\/li><li>Consider cleaning high-risk areas like the kitchen when pets can be in another room<\/li><li>Rinse or wipe down surfaces after cleaning if using products that leave residue<\/li><\/ul><h2>When to Seek Professional Help<\/h2><p>Some situations may warrant professional cleaning services that specialize in pet-friendly methods:<\/p><ul><li>Deep carpet cleaning to remove accumulated pet dander and hair<\/li><li>Addressing severe pet odor issues that DIY methods haven't resolved<\/li><li>Cleaning after a pet illness that might require specialized disinfection<\/li><li>Preparing a home for sale when pets have lived there<\/li><\/ul><p>By choosing pet-friendly cleaning products and methods, you maintain a clean, healthy home while keeping your furry family members safe. The extra consideration is well worth the peace of mind in knowing that your cleaning routine protects all members of your household.<\/p>"
            },
            {
                "id": 7,
                "title": "Understanding Different Types of Cleaning Services",
                "excerpt": "From routine to deep cleaning - learn which type of service is right for your specific needs.",
                "category": "Services",
                "date": "February 28, 2025",
                "readTime": "6 min read",
                "content": "<p>Professional cleaning services offer various levels of cleaning to match different needs and occasions. Understanding these differences helps you choose the right service for your specific situation, ensuring you get the results you expect while staying within your budget.<\/p><h2>Basic Cleaning Service Types<\/h2><h3>1. Regular Maintenance Cleaning<\/h3><p>This is the most common type of cleaning service, typically scheduled on a recurring basis (weekly, bi-weekly, or monthly).<\/p><p><strong>What's included:<\/strong><\/p><ul><li>Dusting accessible surfaces<\/li><li>Vacuuming carpets and floors<\/li><li>Mopping hard floors<\/li><li>Cleaning bathrooms (toilets, sinks, showers)<\/li><li>Cleaning kitchen surfaces and appliance exteriors<\/li><li>Emptying trash<\/li><li>Making beds (sometimes included)<\/li><\/ul><p><strong>Best for:<\/strong> Maintaining general cleanliness and keeping a home comfortable between deeper cleanings. Ideal for busy households that need regular help with basic cleaning tasks.<\/p><h3>2. Deep Cleaning<\/h3><p>A more intensive cleaning that addresses built-up dirt and areas not covered in regular maintenance cleanings.<\/p><p><strong>What's included:<\/strong> Everything in a regular cleaning, plus:<\/p><ul><li>Cleaning inside appliances (refrigerator, oven)<\/li><li>Scrubbing grout lines<\/li><li>Washing baseboards and doors<\/li><li>Cleaning window sills and frames<\/li><li>Moving furniture to clean underneath<\/li><li>Cleaning ceiling fans and light fixtures<\/li><li>Washing cabinet exteriors<\/li><li>Detail cleaning of corners and edges<\/li><\/ul><p><strong>Best for:<\/strong> Seasonal cleaning, preparing for special events, or as an initial cleaning before starting regular service. Also recommended if it's been several months since your last thorough cleaning.<\/p><h3>3. Move-In\/Move-Out Cleaning<\/h3><p>A specialized deep cleaning designed for vacant properties when changing occupants.<\/p><p><strong>What's included:<\/strong> Everything in a deep cleaning, plus:<\/p><ul><li>Inside cabinets and drawers<\/li><li>Inside closets<\/li><li>Cleaning walls (spot cleaning or full washing)<\/li><li>Detailed cleaning of all appliances, including removal of all food residues<\/li><li>Cleaning inside windows<\/li><li>Removal of any leftover items or trash<\/li><li>Garage cleaning (sometimes offered as an add-on)<\/li><\/ul><p><strong>Best for:<\/strong> Preparing a home for new tenants\/owners or cleaning before moving out to ensure return of security deposits. Also excellent for newly constructed homes that need post-construction cleaning.<\/p><h3>4. Post-Construction Cleaning<\/h3><p>Specialized cleaning after construction or renovation projects to remove dust, debris, and construction residues.<\/p><p><strong>What's included:<\/strong><\/p><ul><li>Removal of construction dust from all surfaces<\/li><li>Cleaning of air vents and filters<\/li><li>Removing labels from new windows\/fixtures<\/li><li>Cleaning inside cabinets and drawers<\/li><li>Detailed cleaning of all new fixtures and surfaces<\/li><li>Window track cleaning<\/li><li>Post-adhesive residue removal<\/li><\/ul><p><strong>Best for:<\/strong> After any home renovation, remodeling project, or new construction before moving in furniture and belongings.<\/p><h3>5. Specialized Cleaning Services<\/h3><p>Services focused on specific areas or using specialized equipment.<\/p><h4>Carpet Cleaning<\/h4><ul><li>Hot water extraction (steam cleaning)<\/li><li>Dry cleaning methods<\/li><li>Stain treatment and removal<\/li><li>Deodorizing<\/li><\/ul><h4>Window Cleaning<\/h4><ul><li>Interior and exterior window washing<\/li><li>Screen cleaning<\/li><li>Track and frame cleaning<\/li><li>High-rise window cleaning (for commercial properties)<\/li><\/ul><h4>Upholstery Cleaning<\/h4><ul><li>Furniture cleaning and sanitizing<\/li><li>Stain removal<\/li><li>Fabric protection application<\/li><\/ul><h2>Specialized Environmental Cleaning<\/h2><h3>1. Green Cleaning<\/h3><p>Environmentally friendly cleaning using sustainable practices and non-toxic products.<\/p><p><strong>What's included:<\/strong><\/p><ul><li>Use of certified eco-friendly cleaning products<\/li><li>Microfiber cloths and sustainable tools<\/li><li>Energy-efficient equipment<\/li><li>Techniques that minimize water usage<\/li><li>Proper waste management and recycling<\/li><\/ul><p><strong>Best for:<\/strong> Households with environmental concerns, chemical sensitivities, young children, or those wanting to reduce their ecological footprint.<\/p><h3>2. Sanitizing and Disinfection Services<\/h3><p>Focused on killing germs and reducing the spread of illness.<\/p><p><strong>What's included:<\/strong><\/p><ul><li>EPA-approved disinfectants applied to high-touch surfaces<\/li><li>Sanitizing of frequently touched items like doorknobs, light switches, remotes<\/li><li>Fogging or electrostatic spraying in some cases<\/li><li>Enhanced cleaning of bathrooms and kitchens<\/li><\/ul><p><strong>Best for:<\/strong> During flu season, after illness in the home, for immunocompromised individuals, or as a preventative measure in homes with vulnerable residents.<\/p><h2>Other Specialized Cleaning Services<\/h2><h3>Hoarding Cleanup<\/h3><p>Specialized services for extreme cleaning situations, often requiring compassionate professionals trained in dealing with hoarding disorders.<\/p><h3>Estate Cleaning<\/h3><p>Cleaning and organizing a property after someone has passed away, often coordinated with estate sales or property transfers.<\/p><h3>Vacation Rental Turnovers<\/h3><p>Quick but thorough cleanings between guest stays, focusing on sanitization, restocking supplies, and presentation.<\/p><h2>How to Choose the Right Cleaning Service<\/h2><h3>Assess Your Needs<\/h3><ul><li>Current state of your home<\/li><li>Desired outcome<\/li><li>Frequency needs (one-time vs. recurring)<\/li><li>Special circumstances (pets, allergies, etc.)<\/li><\/ul><h3>Questions to Ask Potential Services<\/h3><ul><li>What specific tasks are included in each service level?<\/li><li>What products do they use? Are green options available?<\/li><li>Do they bring their own supplies and equipment?<\/li><li>Are their cleaners employees or independent contractors?<\/li><li>How are their staff vetted and trained?<\/li><li>Do they offer guarantees or satisfaction policies?<\/li><li>How do they handle keys and security?<\/li><li>What is their cancellation policy?<\/li><\/ul><h3>Cost Considerations<\/h3><p>Pricing varies widely based on:<\/p><ul><li>Type of service (deep cleaning typically costs 1.5-2.5 times more than regular cleaning)<\/li><li>Home size and number of rooms\/bathrooms<\/li><li>Local market rates<\/li><li>Frequency of service (regular clients often receive discounted rates)<\/li><li>Special requirements or add-on services<\/li><\/ul><h2>Preparing for Professional Cleaning<\/h2><p>To get the most value from any cleaning service:<\/p><ul><li>Declutter before the cleaning team arrives<\/li><li>Secure valuables and sensitive documents<\/li><li>Communicate any special needs or focus areas<\/li><li>Make arrangements for pets<\/li><li>Ensure cleaners have access to necessary supplies (if not provided)<\/li><li>Be clear about your expectations and priorities<\/li><\/ul><p>By understanding the different types of cleaning services available, you can select the option that best fits your specific needs and budget. Whether you need routine maintenance to keep your home consistently clean or a specialized deep clean for a particular situation, professional cleaning services offer solutions to help you maintain a healthy, comfortable living environment.<\/p>"
            },
            {
                "id": 8,
                "title": "The Ultimate Guide to Bathroom Cleaning",
                "excerpt": "Transform your bathroom from grimy to sparkling with our comprehensive cleaning approach.",
                "category": "Tips & Tricks",
                "date": "February 21, 2025",
                "readTime": "8 min read",
                "content": "<p>The bathroom is one of the most challenging spaces to keep clean in any home. It's a high-moisture environment that sees daily use, making it prone to soap scum, mildew, hard water stains, and bacterial growth. However, with the right approach, products, and routine, you can maintain a sparkling, hygienic bathroom with minimal effort.<\/p><h2>Essential Bathroom Cleaning Supplies<\/h2><p>Having the right tools and products on hand makes bathroom cleaning more efficient:<\/p><h3>Tools:<\/h3><ul><li><strong>Microfiber cloths<\/strong> - These trap dust and dirt better than regular cloths and don't leave lint behind<\/li><li><strong>Scrub brushes<\/strong> - Having different sizes helps reach various areas<\/li><li><strong>Toilet brush<\/strong> - Preferably one with a holder that allows it to dry properly<\/li><li><strong>Squeegee<\/strong> - For quickly removing water from shower walls and glass doors<\/li><li><strong>Extendable duster<\/strong> - For reaching high corners, vents, and light fixtures<\/li><li><strong>Old toothbrush<\/strong> - Perfect for cleaning grout and tight spaces around fixtures<\/li><li><strong>Rubber gloves<\/strong> - Protects hands from harsh chemicals and hot water<\/li><\/ul><h3>Cleaning Products:<\/h3><ul><li><strong>All-purpose bathroom cleaner<\/strong> - For general surface cleaning<\/li><li><strong>Toilet bowl cleaner<\/strong> - Specifically formulated to remove stains and disinfect<\/li><li><strong>Tub and tile cleaner<\/strong> - Designed to cut through soap scum and hard water deposits<\/li><li><strong>Glass cleaner<\/strong> - For mirrors and glass shower doors<\/li><li><strong>Disinfectant<\/strong> - Important for killing germs on high-touch surfaces<\/li><li><strong>Grout cleaner<\/strong> - For removing stains from tile grout<\/li><li><strong>Drain cleaner<\/strong> - To prevent and address clogs<\/li><\/ul><h3>Natural Alternatives:<\/h3><p>If you prefer eco-friendly options:<\/p><ul><li><strong>White vinegar<\/strong> - Excellent for dissolving soap scum and hard water stains<\/li><li><strong>Baking soda<\/strong> - Great for scrubbing surfaces without scratching<\/li><li><strong>Hydrogen peroxide<\/strong> - Natural disinfectant and whitener<\/li><li><strong>Lemon juice<\/strong> - Cuts through soap scum and leaves a fresh scent<\/li><li><strong>Castile soap<\/strong> - Gentle but effective for general cleaning<\/li><li><strong>Essential oils<\/strong> - Add antibacterial properties and pleasant scents<\/li><\/ul><h2>Step-by-Step Bathroom Cleaning Process<\/h2><p>Follow this systematic approach for efficient cleaning:<\/p><h3>Preparation:<\/h3><ol><li>Remove all items from countertops, shower ledges, and other surfaces<\/li><li>Place bath mats, fabric shower curtains, and used towels in the laundry<\/li><li>Empty trash cans<\/li><li>Turn on the ventilation fan to improve air circulation<\/li><\/ol><h3>Initial Application:<\/h3><ol><li>Apply toilet bowl cleaner inside the bowl and let it sit<\/li><li>Spray shower walls and tub with bathroom cleaner to break down soap scum<\/li><li>Apply cleaner to sink basin and countertops<\/li><li>Spray shower curtain liner with shower cleaner or mildew remover if needed<\/li><\/ol><h3>Top-to-Bottom Cleaning:<\/h3><ol><li><strong>Start with high surfaces:<\/strong> Dust light fixtures, vents, tops of door frames, and window sills<\/li><li><strong>Clean mirrors and glass:<\/strong> Use glass cleaner and microfiber cloth for streak-free results<\/li><li><strong>Wipe down walls:<\/strong> Pay special attention to areas with water spots or splashes<\/li><li><strong>Clean countertops and sink:<\/strong> Scrub faucets and handles, paying attention to the base where grime collects<\/li><li><strong>Tackle the toilet:<\/strong><ul><li>Clean the exterior from top to bottom (tank, handle, lid, seat, base)<\/li><li>Scrub the bowl interior with a toilet brush<\/li><li>Don't forget the often-missed area behind the toilet<\/li><\/ul><\/li><li><strong>Clean the shower\/tub:<\/strong><ul><li>Scrub walls, floor, and fixtures<\/li><li>Pay special attention to corners and grout lines<\/li><li>Clean shower doors or curtains<\/li><li>Use a squeegee on glass doors after cleaning<\/li><\/ul><\/li><li><strong>Address the floor:<\/strong><ul><li>Sweep or vacuum to remove hair and debris<\/li><li>Mop with appropriate cleaner for your floor type<\/li><li>Pay special attention around the toilet base and corners<\/li><\/ul><\/li><\/ol><h3>Final Touches:<\/h3><ol><li>Clean and refill soap dispensers<\/li><li>Replace fresh towels<\/li><li>Restock toilet paper<\/li><li>Return organized items to countertops and shelves<\/li><li>Empty and clean the trash can before replacing the liner<\/li><li>Replace bath mats once the floor is dry<\/li><\/ol><h2>Tackling Common Bathroom Cleaning Challenges<\/h2><h3>Hard Water Stains<\/h3><p><strong>Solution:<\/strong> Equal parts white vinegar and water in a spray bottle. Spray generously, let sit for 15-30 minutes, then scrub and rinse. For stubborn stains, make a paste with vinegar and baking soda.<\/p><h3>Soap Scum<\/h3><p><strong>Solution:<\/strong> Commercial soap scum removers work well, or mix one part vinegar with one part dish soap. Warm the mixture slightly (not hot), spray on, let sit for 10-15 minutes, then scrub with a non-scratch sponge and rinse thoroughly.<\/p><h3>Mold and Mildew<\/h3><p><strong>Solution:<\/strong> Use a solution of 1 part hydrogen peroxide to 2 parts water. Spray on, let sit for at least an hour, then scrub and rinse. For prevention, improve ventilation and consider using a daily shower spray.<\/p><h3>Dirty Grout<\/h3><p><strong>Solution:<\/strong> Make a paste of baking soda and hydrogen peroxide. Apply to grout lines with an old toothbrush, let sit for 10 minutes, scrub, and rinse. For persistent stains, consider a commercial grout cleaner with a small brush.<\/p><h3>Clogged Drains<\/h3><p><strong>Solution:<\/strong> Pour half a cup of baking soda down the drain, followed by half a cup of vinegar. Let fizz for 30 minutes, then flush with hot water. For prevention, use a drain strainer and flush weekly with hot water.<\/p><h3>Stained Toilet Bowl<\/h3><p><strong>Solution:<\/strong> For mineral deposits, pour 1 cup of vinegar into the bowl and let sit overnight. Scrub in the morning and flush. For stubborn stains, try a pumice stone designed for toilet cleaning (but check it's safe for your toilet type first).<\/p><h3>Cloudy Glass Shower Doors<\/h3><p><strong>Solution:<\/strong> Apply a paste of baking soda and water, let sit for 15 minutes, then scrub with a non-abrasive sponge. Rinse and squeegee dry. For maintenance, use a daily shower spray and squeegee after each use.<\/p><h3>Rusty Fixtures<\/h3><p><strong>Solution:<\/strong> Apply lemon juice or white vinegar to the rusty areas, let sit for 30 minutes, then scrub gently with an old toothbrush. For stubborn rust, make a paste with baking soda and lemon juice.<\/p><h2>Maintaining a Clean Bathroom Between Deep Cleanings<\/h2><h3>Daily Habits<\/h3><ul><li>Squeegee shower walls after each use<\/li><li>Wipe down the sink after brushing teeth or washing hands<\/li><li>Hang towels properly to dry<\/li><li>Keep the bathroom fan running for 20-30 minutes after showers<\/li><li>Spray shower with a daily shower cleaner<\/li><li>Keep a small squeegee or microfiber cloth handy for quick wipe-downs<\/li><\/ul><h3>Weekly Quick Cleaning Tasks<\/h3><ul><li>Wipe down countertops, sink, and faucets<\/li><li>Clean toilet bowl and seat<\/li><li>Spray and wipe mirror<\/li><li>Check and clean shower\/tub as needed<\/li><li>Sweep or vacuum floor<\/li><li>Empty trash<\/li><\/ul><h2>Smart Storage Solutions for a Cleaner Bathroom<\/h2><p>Proper organization makes cleaning easier and helps maintain cleanliness:<\/p><ul><li>Use shower caddies that drain properly to prevent soap scum buildup<\/li><li>Install floating shelves or wall-mounted storage to keep items off countertops<\/li><li>Store cleaning supplies in a dedicated caddy for easy access<\/li><li>Use drawer dividers to organize smaller items<\/li><li>Install hooks for towels and robes to ensure proper drying<\/li><li>Choose storage containers that are easy to clean<\/li><li>Consider moisture-resistant options for bathroom storage<\/li><\/ul><h2>When to Replace Bathroom Items<\/h2><p>Keeping your bathroom hygienic means regularly replacing certain items:<\/p><ul><li><strong>Toothbrushes:<\/strong> Every 3-4 months<\/li><li><strong>Shower liner:<\/strong> Every 6 months or when mildew becomes difficult to remove<\/li><li><strong>Bath pouf\/loofah:<\/strong> Every 1-2 months<\/li><li><strong>Toilet brush:<\/strong> Every 6 months<\/li><li><strong>Bath mats:<\/strong> When they become thin or show mildew<\/li><li><strong>Towels:<\/strong> When they lose absorbency or develop odors that won't wash out<\/li><li><strong>Cleaning tools:<\/strong> When they become worn or develop an odor<\/li><\/ul><p>With this comprehensive guide, you have all the information needed to transform your bathroom into a consistently clean, hygienic space. By establishing regular cleaning routines and addressing issues promptly, you'll find that maintaining a sparkling bathroom becomes much more manageable.<\/p>"
            },
            {
                "id": 9,
                "title": "Green Cleaning Myths Debunked",
                "excerpt": "Separate fact from fiction when it comes to sustainable cleaning practices and products.",
                "category": "Myth Busters",
                "date": "February 14, 2025",
                "readTime": "5 min read",
                "content": "<p>As environmental consciousness grows, more households are turning to green cleaning practices and products. However, misinformation about eco-friendly cleaning is common, leading to confusion about its effectiveness, safety, and environmental impact. Let's separate fact from fiction and examine some of the most persistent myths about green cleaning.<\/p><h2>Myth 1: \"Green Cleaning Products Don't Clean as Well as Conventional Products\"<\/h2><h3>The Myth<\/h3><p>Many people believe that environmentally friendly cleaning products lack the cleaning power of their conventional, chemical-laden counterparts.<\/p><h3>The Truth<\/h3><p>Modern green cleaning products have come a long way in terms of effectiveness. Many perform just as well as conventional products in consumer and laboratory testing. The key differences:<\/p><ul><li>Green products often work through different mechanisms than conventional ones<\/li><li>Some green cleaners may require slightly more agitation or contact time<\/li><li>Plant-based surfactants can be just as effective as petroleum-based ones<\/li><li>Enzymes in many green cleaners break down proteins and organic matter efficiently<\/li><\/ul><p>In fact, some green ingredients like vinegar (acetic acid) are excellent at dissolving mineral deposits and killing certain bacteria, while baking soda provides gentle abrasion for scrubbing without scratching surfaces.<\/p><h3>What to Know<\/h3><p>Green products may perform differently than what you're used to. For example, they might not produce the same amount of foam or have the same strong scent that people associate with \"clean.\" However, these sensory experiences aren't actually indicators of cleaning power.<\/p><h2>Myth 2: \"If It's Labeled 'Natural' or 'Green,' It's Completely Safe\"<\/h2><h3>The Myth<\/h3><p>All products labeled as \"natural,\" \"green,\" or \"eco-friendly\" are completely non-toxic and safe to use around children, pets, and those with sensitivities.<\/p><h3>The Truth<\/h3><p>The terms \"natural\" and \"green\" aren't regulated by any governing body, allowing companies to use these labels liberally. Even natural substances can cause harm:<\/p><ul><li>Essential oils can be irritating to skin and respiratory systems, and some are toxic to pets (especially cats)<\/li><li>Naturally derived ingredients can still cause allergic reactions<\/li><li>\"Plant-based\" doesn't automatically mean non-toxic (poison ivy is plant-based, after all)<\/li><li>Some companies engage in \"greenwashing\" - marketing products as greener than they actually are<\/li><\/ul><h3>What to Know<\/h3><p>Look beyond marketing claims for certifications from organizations like Green Seal, EcoLogo, or the EPA's Safer Choice program. These certifications have specific criteria regarding toxicity, biodegradability, and environmental impact. Always read ingredient lists and understand what you're bringing into your home.<\/p><h2>Myth 3: \"Vinegar Cleans Everything\"<\/h2><h3>The Myth<\/h3><p>White vinegar is often promoted as a universal cleaning solution that can replace all your conventional cleaners.<\/p><h3>The Truth<\/h3><p>While vinegar is indeed versatile and effective for many cleaning tasks, it isn't appropriate for all surfaces or cleaning needs:<\/p><ul><li>Vinegar can damage natural stone surfaces like marble, granite, and limestone by etching the surface<\/li><li>It can degrade the sealant on hardwood floors with repeated use<\/li><li>Vinegar isn't registered as a disinfectant with the EPA and doesn't kill all types of bacteria<\/li><li>It may not be effective against certain greasy soils without additional ingredients<\/li><li>The acidity can damage rubber seals in appliances over time<\/li><li>Vinegar should never be mixed with bleach (creates toxic chlorine gas) or hydrogen peroxide (creates corrosive peracetic acid)<\/li><\/ul><h3>What to Know<\/h3><p>Use vinegar where it excels: removing mineral deposits, cleaning glass, descaling coffee makers, and as a fabric softener alternative. For other tasks, consider other green cleaning options like castile soap, baking soda, or certified green commercial products.<\/p><h2>Myth 4: \"Green Cleaning Is Much More Expensive\"<\/h2><h3>The Myth<\/h3><p>Environmentally friendly cleaning is a luxury that costs significantly more than conventional cleaning.<\/p><h3>The Truth<\/h3><p>While some premium green brands can be more expensive than conventional products, there are several factors to consider:<\/p><ul><li>DIY green cleaners made from ingredients like vinegar, baking soda, and castile soap are extremely economical<\/li><li>Green cleaning products are often more concentrated and require less product per use<\/li><li>The market for green products has expanded, leading to more affordable options<\/li><li>When you factor in the external costs (potential health impacts, environmental damage), conventional products may actually \"cost\" more<\/li><li>Multipurpose green cleaners can replace multiple specialized conventional products<\/li><\/ul><h3>What to Know<\/h3><p>Compare prices by cost per use rather than just the sticker price. Also consider the long-term value, including potential health benefits and avoiding damage to surfaces that might require costly repairs or replacements.<\/p><h2>Myth 5: \"Labels Like 'Fragrance-Free' Mean the Product Contains No Scents\"<\/h2><h3>The Myth<\/h3><p>Products labeled \"fragrance-free\" or \"unscented\" don't contain any fragrances or scented chemicals.<\/p><h3>The Truth<\/h3><p>The terms \"fragrance-free\" and \"unscented\" are not strictly regulated:<\/p><ul><li>\"Unscented\" products may contain masking fragrances that neutralize the product's natural smell<\/li><li>Some \"fragrance-free\" products may still contain aromatic ingredients for other purposes<\/li><li>Companies are not required to disclose the specific ingredients in their \"fragrance\" blends, which can contain dozens of chemicals<\/li><\/ul><h3>What to Know<\/h3><p>If you're sensitive to fragrances, look for products that specifically state they contain \"no masking fragrances\" and have full ingredient disclosure. Certification programs like \"MADE SAFE\" verify products are free from ingredients known to harm human health.<\/p><h2>Myth 6: \"Antibacterial Products Are Always Better for Health\"<\/h2><h3>The Myth<\/h3><p>Antibacterial or antimicrobial cleaning products provide superior health protection and should be used throughout the home.<\/p><h3>The Truth<\/h3><p>Research has raised several concerns about routine use of antibacterial products:<\/p><ul><li>The FDA has banned certain antibacterial ingredients from hand soaps due to safety concerns and lack of evidence that they're more effective than regular soap<\/li><li>Overuse may contribute to antimicrobial resistance<\/li><li>Some antibacterial compounds like triclosan have been linked to hormone disruption<\/li><li>Regular cleaning with soap and water is sufficient for most household situations<\/li><li>Some studies suggest certain antibacterial products might disrupt beneficial bacteria that help our immune systems develop properly<\/li><\/ul><h3>What to Know<\/h3><p>Reserve disinfection for appropriate situations (food preparation surfaces, bathrooms, sick rooms) rather than treating every surface in your home. When disinfection is needed, consider less toxic alternatives like hydrogen peroxide, alcohol, or thyme oil-based disinfectants.<\/p><h2>Myth 7: \"Baking Soda and Vinegar Create a Powerful Cleaner\"<\/h2><h3>The Myth<\/h3><p>Mixing baking soda and vinegar creates a super cleaner that's better than either ingredient alone.<\/p><h3>The Truth<\/h3><p>While it's true that combining baking soda (a base) and vinegar (an acid) creates an impressive fizzing reaction, the science doesn't support their combined use as an effective cleaner:<\/p><ul><li>The reaction produces water, carbon dioxide, and sodium acetate (a salt)<\/li><li>Once the reaction is complete, the solution has essentially neutral pH, reducing the cleaning power of both ingredients<\/li><li>The bubbling action can help dislodge debris in drains, but the resulting solution isn't a strong cleaner<\/li><\/ul><h3>What to Know<\/h3><p>Use baking soda and vinegar separately for their individual strengths. Use vinegar for its acidity (descaling, cutting through mineral deposits) and baking soda for its mild abrasiveness and alkalinity (scrubbing, deodorizing).<\/p><h2>Myth 8: \"Green Cleaning Products Don't Require Safety Precautions\"<\/h2><h3>The Myth<\/h3><p>Because they're natural or environmentally friendly, green cleaning products don't require the same safety precautions as conventional cleaners.<\/p><h3>The Truth<\/h3><p>Natural doesn't automatically mean safe for all uses:<\/p><ul><li>Concentrated natural substances can still cause skin irritation or harm if ingested<\/li><li>Essential oils can be harmful if used improperly, especially around pets<\/li><li>Citrus oils and extracts can be skin sensitizers for some people<\/li><li>Oxygen bleach (sodium percarbonate) can cause eye injury<\/li><li>Natural acids like vinegar and lemon juice can irritate eyes and skin<\/li><\/ul><h3>What to Know<\/h3><p>Always read and follow label directions, keep cleaning products out of reach of children and pets, avoid mixing different cleaners, and ensure good ventilation while cleaning \u2014 regardless of whether products are conventional or green.<\/p><h2>Making Informed Green Cleaning Choices<\/h2><p>To navigate the world of green cleaning effectively:<\/p><ul><li><strong>Research beyond marketing claims:<\/strong> Investigate the company's transparency about ingredients and manufacturing practices<\/li><li><strong>Look for third-party certifications:<\/strong> Organizations like Green Seal, EcoLogo, and the EPA's Safer Choice program have rigorous standards<\/li><li><strong>Start simple:<\/strong> Begin with basic ingredients like vinegar, baking soda, and castile soap for many cleaning needs<\/li><li><strong>Consider your specific needs:<\/strong> Choose products appropriate for your household, considering factors like allergies, pets, and children<\/li><li><strong>Read ingredient lists:<\/strong> Familiarize yourself with common ingredients to identify those you may wish to avoid<\/li><\/ul><p>By understanding the facts behind these common green cleaning myths, you can make more informed choices about the products and methods you use in your home. Effective, economical, and truly environmentally friendly cleaning is achievable, but it requires looking beyond marketing claims to make evidence-based decisions.<\/p>"
            }
        ]
    }
}